{
  "accuracy": 0.8181818181818182,
  "report": {
    "0": {
      "precision": 1.0,
      "recall": 1.0,
      "f1-score": 1.0,
      "support": 3.0
    },
    "1": {
      "precision": 1.0,
      "recall": 0.6666666666666666,
      "f1-score": 0.8,
      "support": 3.0
    },
    "2": {
      "precision": 0.5,
      "recall": 0.6666666666666666,
      "f1-score": 0.5714285714285714,
      "support": 3.0
    },
    "3": {
      "precision": 0.75,
      "recall": 1.0,
      "f1-score": 0.8571428571428571,
      "support": 3.0
    },
    "4": {
      "precision": 0.5,
      "recall": 0.3333333333333333,
      "f1-score": 0.4,
      "support": 3.0
    },
    "5": {
      "precision": 1.0,
      "recall": 1.0,
      "f1-score": 1.0,
      "support": 4.0
    },
    "6": {
      "precision": 1.0,
      "recall": 1.0,
      "f1-score": 1.0,
      "support": 3.0
    },
    "accuracy": 0.8181818181818182,
    "macro avg": {
      "precision": 0.8214285714285714,
      "recall": 0.8095238095238094,
      "f1-score": 0.8040816326530612,
      "support": 22.0
    },
    "weighted avg": {
      "precision": 0.8295454545454546,
      "recall": 0.8181818181818182,
      "f1-score": 0.812987012987013,
      "support": 22.0
    }
  },
  "n_train": 86,
  "n_test": 22
}